{"stats":{"minecraft:killed_by":{"the_slumbering_omen:followerfe":1,"mutationcraft:assimilated_human":1,"minecraft:husk":1,"man:managgresive":1},"minecraft:picked_up":{"mutationcraft:putrid_claw":2,"mutationcraft:putrid_heart":1},"minecraft:killed":{"mutationcraft:assimilated_villager":1},"minecraft:custom":{"minecraft:time_since_rest":2166,"minecraft:walk_one_cm":6615,"minecraft:play_time":13534,"minecraft:sprint_one_cm":9975,"minecraft:damage_taken":8245,"minecraft:deaths":4,"minecraft:sneak_time":56,"minecraft:walk_under_water_one_cm":1129,"minecraft:mob_kills":2,"minecraft:jump":85,"minecraft:damage_dealt":381,"minecraft:time_since_death":2358,"minecraft:walk_on_water_one_cm":1693,"minecraft:total_world_time":13534,"minecraft:climb_one_cm":5041,"minecraft:swim_one_cm":6772,"minecraft:fall_one_cm":2611,"minecraft:fly_one_cm":31408},"minecraft:used":{"mutationcraft:putrid_claw":3,"alexsmobs:animal_dictionary":1}},"DataVersion":3120}