{"stats":{"minecraft:custom":{"minecraft:time_since_rest":6051,"minecraft:sprint_one_cm":3922,"minecraft:damage_taken":68,"minecraft:walk_one_cm":9461,"minecraft:mob_kills":8,"minecraft:drop":8,"minecraft:damage_dealt":5913,"minecraft:fly_one_cm":115884,"minecraft:open_chest":2,"minecraft:crouch_one_cm":239,"minecraft:play_time":14022,"minecraft:deaths":1,"minecraft:sneak_time":586,"minecraft:jump":62,"minecraft:leave_game":8,"minecraft:time_since_death":6035,"minecraft:total_world_time":14022,"minecraft:fall_one_cm":536},"minecraft:picked_up":{"minecraft:book":1,"minecraft:chainmail_boots":1,"mutationcraft:putrid_claw":3,"the_slumbering_omen:glykarisgear_boots":1,"mutationcraft:nordic_axe":1,"minecraft:string":1,"minecraft:iron_leggings":1,"graveyard:oak_coffin":1,"minecraft:bone":8,"mutationcraft:putrid_brain":1,"minecraft:blue_orchid":2,"the_slumbering_omen:scoutspine":1,"alexsmobs:dimensional_carver":1,"minecraft:iron_helmet":1,"minecraft:bone_meal":3,"minecraft:cobweb":6,"the_slumbering_omen:scoutrazorclaw":1,"minecraft:saddle":2,"minecraft:iron_sword":1,"minecraft:bone_block":1,"minecraft:white_wool":1},"minecraft:killed":{"minecraft:sheep":1,"mutationcraft:hazmat_flamethrower":1,"mutationcraft:necroptor":1,"mutationcraft:assimilated_spider":1,"mutationcraft:hazmat_helicopter":1,"minecraft:spider":1,"mutationcraft:assimilated_bear":1},"minecraft:dropped":{"the_slumbering_omen:absolution":1,"the_slumbering_omen:greatswordofthereaper":1,"the_slumbering_omen:glykarisgear_helmet":1,"the_slumbering_omen:glykarisgear_boots":1,"mutationcraft:nordic_axe":1,"the_slumbering_omen:glykarisgear_leggings":1,"the_slumbering_omen:yggdrasilgreatsword":1,"the_slumbering_omen:glykarisgear_chestplate":1},"minecraft:used":{"the_slumbering_omen:absolution":1,"minecraft:sheep_spawn_egg":3}},"DataVersion":3120}