{"stats":{"minecraft:mined":{"minecraft:grass":4},"minecraft:killed_by":{"the_slumbering_omen:followerfe":1,"mutationcraft:assimilated_human":1,"minecraft:husk":1,"man:managgresive":1},"minecraft:picked_up":{"the_slumbering_omen:distantectoplasm":1,"minecraft:bone":2,"mutationcraft:putrid_claw":2,"mutationcraft:putrid_heart":1},"minecraft:killed":{"mutationcraft:assimilated_villager":1,"john_mod_reborn:john":1,"graveyard:skeleton_creeper":1,"mutationcraft:assimilated_cow":1},"minecraft:custom":{"minecraft:time_since_rest":9674,"minecraft:damage_taken":8392,"minecraft:play_time":21042,"minecraft:walk_one_cm":11567,"minecraft:sprint_one_cm":16631,"tombstone:undead_killed":1,"minecraft:deaths":4,"minecraft:sneak_time":62,"minecraft:walk_under_water_one_cm":1129,"minecraft:mob_kills":5,"minecraft:jump":164,"minecraft:damage_dealt":1604,"minecraft:leave_game":2,"minecraft:time_since_death":9866,"minecraft:walk_on_water_one_cm":1693,"minecraft:climb_one_cm":5137,"minecraft:total_world_time":21042,"minecraft:swim_one_cm":6772,"minecraft:fall_one_cm":4968,"minecraft:fly_one_cm":65436},"minecraft:used":{"mutationcraft:putrid_claw":3,"alexsmobs:animal_dictionary":1}},"DataVersion":3120}