{"stats":{"minecraft:custom":{"minecraft:jump":101,"minecraft:time_since_rest":9661,"minecraft:damage_dealt":7,"minecraft:crouch_one_cm":83,"minecraft:leave_game":1,"minecraft:sprint_one_cm":5388,"minecraft:play_time":9661,"minecraft:damage_taken":60,"minecraft:time_since_death":9661,"minecraft:walk_one_cm":5846,"minecraft:sneak_time":323,"minecraft:total_world_time":9661,"minecraft:fall_one_cm":3540,"minecraft:fly_one_cm":152763},"minecraft:used":{"toughasnails:purified_water_bottle":1}},"DataVersion":3120}