{"stats":{"minecraft:killed_by":{"the_slumbering_omen:heartstopperfollowerfe":1,"mutationcraft:necroptor":1},"minecraft:mined":{"minecraft:grass":3},"minecraft:picked_up":{"minecraft:wheat_seeds":2},"minecraft:used":{"toughasnails:purified_water_bottle":2,"minecraft:glass_bottle":1,"alexsmobs:animal_dictionary":1,"minecraft:enchanted_golden_apple":1},"minecraft:killed":{"whispering_spirits:whispering_spirit":1},"minecraft:custom":{"minecraft:time_since_rest":140,"minecraft:deaths":2,"minecraft:crouch_one_cm":181,"minecraft:sprint_one_cm":27629,"minecraft:play_time":16669,"minecraft:walk_one_cm":13878,"minecraft:damage_taken":799,"minecraft:damage_absorbed":160,"minecraft:sneak_time":379,"minecraft:walk_under_water_one_cm":620,"minecraft:mob_kills":1,"minecraft:jump":325,"minecraft:damage_dealt":36,"minecraft:leave_game":2,"minecraft:time_since_death":116,"minecraft:walk_on_water_one_cm":1893,"minecraft:total_world_time":16669,"minecraft:damage_resisted":91,"minecraft:swim_one_cm":10665,"minecraft:fall_one_cm":8883,"minecraft:fly_one_cm":236208}},"DataVersion":3120}