{"stats":{"minecraft:mined":{"minecraft:oak_leaves":1},"minecraft:custom":{"minecraft:time_since_rest":5286,"minecraft:sprint_one_cm":27755,"minecraft:damage_taken":50,"minecraft:walk_one_cm":20072,"minecraft:interact_with_anvil":1,"minecraft:mob_kills":5,"minecraft:drop":12,"minecraft:damage_dealt":1973,"minecraft:fly_one_cm":47439,"minecraft:open_barrel":1,"minecraft:open_chest":2,"minecraft:crouch_one_cm":173,"minecraft:play_time":15818,"minecraft:deaths":1,"minecraft:sneak_time":278,"minecraft:jump":121,"minecraft:leave_game":4,"minecraft:time_since_death":5269,"minecraft:climb_one_cm":818,"minecraft:total_world_time":15818,"minecraft:fall_one_cm":1234},"minecraft:picked_up":{"minecraft:book":1,"the_slumbering_omen:absolution":1,"the_slumbering_omen:greatswordofthereaper":1,"the_slumbering_omen:glykarisgear_boots":1,"minecraft:potion":7,"the_slumbering_omen:scoutlens":2,"the_slumbering_omen:glykarisgear_chestplate":1,"the_slumbering_omen:scoutspine":1,"the_slumbering_omen:glykarisgear_leggings":1,"the_slumbering_omen:scoutrazorclaw":1,"the_slumbering_omen:glykarisgear_helmet":1,"minecraft:bread":2,"the_slumbering_omen:yggdrasilgreatsword":1,"minecraft:mutton":1,"minecraft:white_wool":1},"minecraft:killed":{"minecraft:sheep":1,"mutationcraft:necroptor":1,"john_mod_reborn:john":1,"the_slumbering_omen:combatscout":1,"mutationcraft:assimilated_pillager":1},"minecraft:dropped":{"the_slumbering_omen:scoutlens":1,"minecraft:potion":7,"alexsmobs:dimensional_carver":1,"the_slumbering_omen:scoutrazorclaw":1,"the_slumbering_omen:scoutspine":1,"the_slumbering_omen:glykarisgear_boots":1},"minecraft:used":{"minecraft:apple":1,"alexsmobs:spawn_egg_devils_hole_pupfish":1,"alexsmobs:spawn_egg_warped_mosco":2,"alexsmobs:spawn_egg_void_worm":19,"alexsmobs:animal_dictionary":2}},"DataVersion":3120}