{
  "dungeons_arise:wda_root": {
    "criteria": {
      "WDA": "2024-07-13 12:50:23 +0000"
    },
    "done": true
  },
  "graveyard:graveyard/root": {
    "criteria": {
      "grave_01": "2024-07-13 12:56:07 +0000"
    },
    "done": true
  },
  "global:hako": {
    "criteria": {
      "trigger": "2024-07-13 12:50:23 +0000"
    },
    "done": true
  },
  "nycto:nycto": {
    "criteria": {
      "trigger": "2024-07-13 12:50:23 +0000"
    },
    "done": true
  },
  "global:root": {
    "criteria": {
      "trigger": "2024-07-13 12:50:23 +0000"
    },
    "done": true
  },
  "minecraft:husbandry/root": {
    "criteria": {
      "consumed_item": "2024-07-13 12:54:20 +0000"
    },
    "done": true
  },
  "the_slumbering_omen:yourstorybegins": {
    "criteria": {
      "yourstorybegins": "2024-07-13 12:50:23 +0000"
    },
    "done": true
  },
  "minecraft:adventure/adventuring_time": {
    "criteria": {
      "minecraft:taiga": "2024-07-13 12:54:58 +0000",
      "minecraft:river": "2024-07-13 12:51:12 +0000",
      "minecraft:forest": "2024-07-13 12:55:16 +0000",
      "minecraft:desert": "2024-07-13 12:53:17 +0000",
      "minecraft:savanna": "2024-07-13 12:50:25 +0000",
      "minecraft:plains": "2024-07-13 12:52:58 +0000"
    },
    "done": false
  },
  "DataVersion": 3120
}